/american_football/football_coach/coaching_history./american_football/football_historical_coach_position/position 1-1
/american_football/football_coach/coaching_history./american_football/football_historical_coach_position/team 1-1
/american_football/football_coach_position/coaches_holding_this_position./american_football/football_historical_coach_position/coach 1-1
/american_football/football_coach_position/coaches_holding_this_position./american_football/football_historical_coach_position/team 1-n
/american_football/football_player/current_team./american_football/football_roster_position/position 1-1
/american_football/football_player/current_team./american_football/football_roster_position/team 1-1
/american_football/football_player/current_team./sports/sports_team_roster/team 1-1
/american_football/football_player/former_teams./american_football/football_historical_roster_position/position_s n-1
/american_football/football_player/former_teams./american_football/football_historical_roster_position/team n-n
/american_football/football_player/former_teams./sports/sports_team_roster/position n-1
/american_football/football_player/former_teams./sports/sports_team_roster/team n-n
/american_football/football_player/games./american_football/player_game_statistics/season n-n
/american_football/football_player/games./american_football/player_game_statistics/team 1-n
/american_football/football_player/passing./american_football/player_passing_statistics/season n-n
/american_football/football_player/passing./american_football/player_passing_statistics/team 1-1
/american_football/football_player/position_s n-n
/american_football/football_player/receiving./american_football/player_receiving_statistics/season 1-n
/american_football/football_player/receiving./american_football/player_receiving_statistics/team 1-n
/american_football/football_player/rushing./american_football/player_rushing_statistics/season n-n
/american_football/football_player/rushing./american_football/player_rushing_statistics/team 1-n
/american_football/football_position/players n-n
/american_football/football_team/current_roster./american_football/football_roster_position/player 1-1
/american_football/football_team/current_roster./american_football/football_roster_position/position n-n
/american_football/football_team/current_roster./sports/sports_team_roster/player 1-1
/american_football/football_team/current_roster./sports/sports_team_roster/position n-n
/american_football/football_team/historical_coaching_staff./american_football/football_historical_coach_position/coach 1-1
/american_football/football_team/historical_coaching_staff./american_football/football_historical_coach_position/position n-1
/american_football/football_team/historical_roster./american_football/football_historical_roster_position/player n-n
/american_football/football_team/historical_roster./american_football/football_historical_roster_position/position_s n-n
/american_football/football_team/historical_roster./sports/sports_team_roster/player n-n
/american_football/football_team/historical_roster./sports/sports_team_roster/position n-n
/architecture/architect/architectural_style n-n
/architecture/architect/structures_designed 1-1
/architecture/architectural_structure_owner/structures_owned./architecture/ownership/structure 1-1
/architecture/architectural_style/architects n-n
/architecture/architectural_style/examples 1-n
/architecture/building/building_function 1-1
/architecture/building_function/buildings 1-1
/architecture/museum/address./location/mailing_address/citytown 1-1
/architecture/museum/address./location/mailing_address/state_province_region n-1
/architecture/museum/type_of_museum n-1
/architecture/structure/address./location/mailing_address/citytown 1-1
/architecture/structure/address./location/mailing_address/state_province_region 1-1
/architecture/structure/architect 1-1
/architecture/structure/architectural_style n-1
/architecture/structure/construction_cost./measurement_unit/money_value/currency 1-1
/architecture/structure/owner./architecture/ownership/owner 1-1
/architecture/type_of_museum/museums 1-n
/astronomy/celestial_object/category n-1
/astronomy/celestial_object_category/objects 1-n
/astronomy/orbital_relationship/orbited_by 1-n
/astronomy/orbital_relationship/orbits n-1
/astronomy/star_system/planetary_system 1-n
/astronomy/star_system_body/star_system n-1
/aviation/aircraft_manufacturer/aircraft_models_made 1-1
/aviation/aircraft_model/aircraft_type n-1
/aviation/aircraft_model/number_owned_by./aviation/aircraft_ownership_count/aircraft_owner 1-n
/aviation/aircraft_owner/aircraft_fleet_composition./aviation/aircraft_ownership_count/aircraft_model n-1
/aviation/aircraft_type/aircraft_of_this_type 1-n
/aviation/airline/airports_served./aviation/airline_airport_presence/airport n-n
/aviation/airline/airports_served./aviation/airline_airport_presence/cities_served 1-n
/aviation/airline/alliance n-1
/aviation/airline/focus_cities n-n
/aviation/airline/hubs n-n
/aviation/airline_alliance/member_airlines 1-n
/aviation/airliner_accident/flight_destination 1-1
/aviation/airport/airlines./aviation/airline_airport_presence/airline n-n
/aviation/airport/airlines./aviation/airline_airport_presence/cities_served 1-n
/aviation/airport/focus_city_for n-n
/aviation/airport/hub_for n-n
/aviation/airport/serves 1-n
/award/award/category 1-n
/award/award/presented_by 1-1
/award/award_category/category_of n-1
/award/award_category/disciplines_or_subjects n-n
/award/award_category/long_lists./award/long_list_nomination/nominee 1-n
/award/award_category/nominees./award/award_nomination/award_nominee n-n
/award/award_category/nominees./award/award_nomination/nominated_for n-n
/award/award_category/presenting_organization n-1
/award/award_category/winners./award/award_honor/award_winner n-n
/award/award_category/winners./award/award_honor/ceremony n-n
/award/award_category/winners./award/award_honor/honored_for n-n
/award/award_ceremony/awards_presented./award/award_honor/award n-n
/award/award_ceremony/awards_presented./award/award_honor/award_winner n-n
/award/award_ceremony/awards_presented./award/award_honor/honored_for n-n
/award/award_discipline/awards_in_this_discipline n-n
/award/award_nominated_work/award_nominations./award/award_nomination/award n-n
/award/award_nominated_work/award_nominations./award/award_nomination/award_nominee n-n
/award/award_nominated_work/award_nominations./award/award_nomination/nominated_for n-n
/award/award_nominee/award_nominations./award/award_nomination/award n-n
/award/award_nominee/award_nominations./award/award_nomination/award_nominee n-n
/award/award_nominee/award_nominations./award/award_nomination/nominated_for n-n
/award/award_presenting_organization/award_categories_presented 1-n
/award/award_presenting_organization/awards_presented 1-1
/award/award_winner/awards_won./award/award_honor/award n-n
/award/award_winner/awards_won./award/award_honor/award_winner n-n
/award/award_winner/awards_won./award/award_honor/ceremony n-n
/award/award_winner/awards_won./award/award_honor/honored_for n-n
/award/award_winning_work/awards_won./award/award_honor/award n-n
/award/award_winning_work/awards_won./award/award_honor/award_winner n-n
/award/award_winning_work/awards_won./award/award_honor/ceremony n-n
/award/award_winning_work/awards_won./award/award_honor/honored_for n-n
/award/competition/instance_of_recurring_competition n-1
/award/hall_of_fame/discipline n-1
/award/hall_of_fame/inductees./award/hall_of_fame_induction/inductee 1-n
/award/hall_of_fame_discipline/halls_of_fame 1-n
/award/hall_of_fame_inductee/hall_of_fame_inductions./award/hall_of_fame_induction/category n-1
/award/hall_of_fame_inductee/hall_of_fame_inductions./award/hall_of_fame_induction/hall_of_fame n-1
/award/hall_of_fame_induction_category/inductees./award/hall_of_fame_induction/inductee 1-n
/award/long_list_nominee/long_list_nominations./award/long_list_nomination/award n-1
/award/ranked_item/appears_in_ranked_lists./award/ranking/list n-1
/award/ranked_list/ranked_list_items./award/ranking/item 1-n
/award/recurring_competition/individual_competitions 1-n
/base/aareas/schema/administrative_area/administrative_area_type n-1
/base/aareas/schema/administrative_area/administrative_children 1-n
/base/aareas/schema/administrative_area/administrative_parent n-1
/base/aareas/schema/administrative_area/capital 1-1
/base/academyawards/host_of_oscar_show/oscar_show_hosted n-n
/base/activism/activism_issue/activist_organizations 1-1
/base/activism/activism_issue/activists 1-n
/base/activism/activist/area_of_activism n-1
/base/activism/organization/area_of_activism 1-1
/base/americancomedy/celebrity_impressionist/celebrities_impersonated 1-n
/base/americancomedy/comedian/comedy_genres n-1
/base/americancomedy/comedy_genre/comedians_in_this_genre 1-n
/base/americancomedy/comedy_group/members./base/americancomedy/comedy_group_membership/member 1-n
/base/americancomedy/comedy_group_member/belongs_to./base/americancomedy/comedy_group_membership/group n-1
/base/americancomedy/impersonated_celebrity/impersonated_by n-1
/base/argumentmaps/abstract_moral_dispute/particular_instances 1-n
/base/argumentmaps/innovator/original_ideas 1-1
/base/argumentmaps/morally_disputed_activity/instance_of_abstract_moral_dispute n-1
/base/argumentmaps/original_idea/innovator 1-1
/base/biblioness/bibs_location/city n-1
/base/biblioness/bibs_location/country n-1
/base/biblioness/bibs_location/state n-1
/base/bioventurist/bv_medical_condition/company_involved n-n
/base/bioventurist/science_or_technology_company/develops_treatments_for_disease n-n
/base/collectives/collective/members./base/collectives/collective_membership/member 1-1
/base/collectives/collective_member/member_of./base/collectives/collective_membership/collective 1-1
/base/contractbridge/bridge_player/first_place_finish./base/contractbridge/bridge_tournament_standings/first_place n-n
/base/contractbridge/bridge_player/first_place_finish./base/contractbridge/bridge_tournament_standings/second_place n-n
/base/contractbridge/bridge_player/first_place_finish./base/contractbridge/bridge_tournament_standings/tournament n-1
/base/contractbridge/bridge_player/second_place_finish./base/contractbridge/bridge_tournament_standings/first_place n-n
/base/contractbridge/bridge_player/second_place_finish./base/contractbridge/bridge_tournament_standings/second_place n-n
/base/contractbridge/bridge_player/second_place_finish./base/contractbridge/bridge_tournament_standings/tournament n-1
/base/contractbridge/bridge_player/teammates./base/contractbridge/bridge_player_teammates/teammate n-n
/base/contractbridge/bridge_tournament/standing./base/contractbridge/bridge_tournament_standings/first_place 1-n
/base/contractbridge/bridge_tournament/standing./base/contractbridge/bridge_tournament_standings/second_place 1-n
/base/crime/convicted_criminal/convictions./base/crime/criminal_conviction/guilty_of n-1
/base/crime/convicted_criminal/convictions./base/crime/criminal_conviction/sentence_type n-1
/base/crime/crime/victim_s 1-n
/base/crime/crime_victim/crime n-1
/base/crime/crime_victim/crime_type n-1
/base/culturalevent/event/entity_involved n-n
/base/disaster2/tactic/attacks_of_this_form./base/disaster2/attack_process/attack_event 1-1
/base/eating/diets/people_who_follow_this_diet 1-n
/base/eating/practicer_of_diet/diet n-1
/base/ecology/ecosystem/ecosystem_members 1-1
/base/ecology/food_web_member/belongs_to_ecosystem_s 1-1
/base/endorsements/endorsee/newspaper_endorsements./base/endorsements/newspaper_endorsement/newspaper n-1
/base/endorsements/endorsing_newspaper/endorsements./base/endorsements/newspaper_endorsement/election 1-1
/base/endorsements/endorsing_newspaper/endorsements./base/endorsements/newspaper_endorsement/endorsee 1-n
/base/events/festival_series/type_of_festival n-1
/base/events/performer/performances./base/events/performance/performer n-n
/base/events/type_of_festival/recurring_festivals_of_this_type 1-n
/base/famouspets/pet_owner/pets_owned./base/famouspets/pet_ownership/owner 1-1
/base/fashionmodels/fashion_model/hair_color n-1
/base/fashionmodels/hair_color/fashion_models_with_this_hair_color 1-n
/base/fight/crime_type/included_in_crimes 1-1
/base/fight/crime_type/includes_crimes 1-1
/base/fight/crime_type/people_convicted_of_this_crime./base/crime/criminal_conviction/convicted_person 1-n
/base/fight/crime_type/people_convicted_of_this_crime./base/crime/criminal_conviction/guilty_of n-n
/base/fight/crime_type/victims_of_this_crime_type 1-n
/base/fight/sentence/convictions./base/crime/criminal_conviction/convicted_person 1-n
/base/fight/sports_official/sport 1-1
/base/folklore/mythical_creature/mythology 1-1
/base/folklore/mythology/mythical_creatures 1-1
/base/infrastructure/power_plant_type/power_station 1-1
/base/infrastructure/power_station/fuel_type 1-1
/base/localfood/food_producing_region/seasonal_availability./base/localfood/produce_availability/produce n-n
/base/localfood/produce/availability./base/localfood/produce_availability/location n-n
/base/localfood/produce/availability./base/localfood/produce_availability/seasonal_months n-n
/base/localfood/seasonal_month/produce_available./base/localfood/produce_availability/produce n-n
/base/localfood/seasonal_month/produce_available./base/localfood/produce_availability/seasonal_months n-n
/base/locations/continents/countries_within 1-n
/base/locations/countries/continent n-1
/base/marchmadness/ncaa_basketball_team/ncaa_tournament_seeds./base/marchmadness/ncaa_tournament_seed/tournament n-n
/base/marchmadness/ncaa_basketball_tournament/seeds./base/marchmadness/ncaa_tournament_seed/team n-n
/base/newsevents/news_reported_event/news_report_s./base/newsevents/news_report/news_reporting_organisation n-1
/base/newsevents/news_reporting_organisation/news_reports./base/newsevents/news_report/event 1-n
/base/nobelprizes/nobel_prize_winner/nobel_honor./base/nobelprizes/nobel_honor/subject_area n-1
/base/nobelprizes/nobel_subject_area/nobel_awards./base/nobelprizes/nobel_honor/nobel_prize_winner 1-n
/base/nobelprizes/nobel_subject_area/nobel_awards./base/nobelprizes/nobel_honor/subject_area 1-1
/base/onephylogeny/type_of_thing/included_in 1-1
/base/onephylogeny/type_of_thing/includes 1-1
/base/onephylogeny/type_of_thing/things_of_this_type 1-n
/base/parody/parodied_subject/parodies n-1
/base/parody/parody/parody_of 1-n
/base/patronage/client/related_patron./base/patronage/patron_client_relationship/patron 1-1
/base/patronage/patron/related_client./base/patronage/patron_client_relationship/client 1-1
/base/petbreeds/city_with_dogs/top_breeds./base/petbreeds/dog_city_relationship/dog_breed n-n
/base/petbreeds/dog_breed/cities_where_this_dog_is_popular./base/petbreeds/dog_city_relationship/cities n-n
/base/petbreeds/dog_breed/color 1-1
/base/petbreeds/dog_breed/group n-1
/base/petbreeds/dog_breed/size./base/petbreeds/dog_size/gender n-n
/base/petbreeds/dog_breed_group/dog_breeds 1-n
/base/petbreeds/dog_coat_color/dog_breeds 1-1
/base/popstra/business_location/customer./base/popstra/hangout/customer 1-n
/base/popstra/celebrity/bought./base/popstra/product_choice/product 1-1
/base/popstra/celebrity/breakup./base/popstra/breakup/participant 1-1
/base/popstra/celebrity/canoodled./base/popstra/canoodled/participant n-n
/base/popstra/celebrity/dated./base/popstra/dated/participant n-n
/base/popstra/celebrity/eats_at./base/popstra/restaurant_choice/restaurant n-1
/base/popstra/celebrity/endorsements./base/popstra/paid_support/company n-1
/base/popstra/celebrity/friendship./base/popstra/friendship/participant n-n
/base/popstra/celebrity/hangout./base/popstra/hangout/business_location n-1
/base/popstra/celebrity/lived_with./base/popstra/lived_with/participant 1-1
/base/popstra/celebrity/religion./base/popstra/religion_choice/religion n-1
/base/popstra/celebrity/shops_at./base/popstra/shopping_choice/company n-1
/base/popstra/celebrity/supporter./base/popstra/support/supported_organization n-1
/base/popstra/celebrity/vacations_in./base/popstra/vacation_choice/location n-n
/base/popstra/celebrity/wears./base/popstra/fashion_choice/designer n-1
/base/popstra/company/fashion_choice./base/popstra/fashion_choice/fashion_wearer 1-n
/base/popstra/company/product_endorser./base/popstra/paid_support/endorser 1-n
/base/popstra/company/shopping_choice./base/popstra/shopping_choice/shopper 1-n
/base/popstra/location/vacationers./base/popstra/vacation_choice/vacationer n-n
/base/popstra/organization/supporter./base/popstra/support/supporter 1-n
/base/popstra/product/sold_to./base/popstra/product_choice/consumer 1-1
/base/popstra/religion/membership./base/popstra/religion_choice/member 1-n
/base/popstra/restaurant/restaurant_choice./base/popstra/restaurant_choice/diner 1-n
/base/rugby/rugby_player/type_of_rugby 1-1
/base/saints/saint/venerated_in n-n
/base/saturdaynightlive/snl_cast_member/seasons./base/saturdaynightlive/snl_season_tenure/cast_members n-n
/base/schemastaging/athlete_extra/salary./base/schemastaging/athlete_salary/currency n-1
/base/schemastaging/athlete_extra/salary./base/schemastaging/athlete_salary/team 1-1
/base/schemastaging/fish/found_in 1-1
/base/schemastaging/organization_extra/phone_number./base/schemastaging/phone_open_times/time_zone n-1
/base/schemastaging/organization_extra/phone_number./base/schemastaging/phone_sandbox/contact_category n-1
/base/schemastaging/organization_extra/phone_number./base/schemastaging/phone_sandbox/product_or_service 1-1
/base/schemastaging/organization_extra/phone_number./base/schemastaging/phone_sandbox/service_language n-n
/base/schemastaging/organization_extra/phone_number./base/schemastaging/phone_sandbox/service_location n-n
/base/schemastaging/person_extra/net_worth./measurement_unit/dated_money_value/currency n-1
/base/schemastaging/person_extra/net_worth./measurement_unit/dated_money_value/source n-1
/base/schemastaging/tv_actor_extra/regular_dubbing_performances./base/schemastaging/tv_star_dubbing_performance/character 1-1
/base/schemastaging/tv_actor_extra/regular_dubbing_performances./base/schemastaging/tv_star_dubbing_performance/language n-1
/base/schemastaging/tv_actor_extra/regular_dubbing_performances./base/schemastaging/tv_star_dubbing_performance/program n-n
/base/schemastaging/tv_character_extra/regular_dubbing_performances./base/schemastaging/tv_star_dubbing_performance/actor 1-1
/base/schemastaging/tv_character_extra/regular_dubbing_performances./base/schemastaging/tv_star_dubbing_performance/language n-1
/base/schemastaging/tv_character_extra/regular_dubbing_performances./base/schemastaging/tv_star_dubbing_performance/program n-1
/base/schemastaging/tv_program_extra/regular_dubbing_performances./base/schemastaging/tv_star_dubbing_performance/actor n-n
/base/schemastaging/tv_program_extra/regular_dubbing_performances./base/schemastaging/tv_star_dubbing_performance/character 1-n
/base/schemastaging/tv_program_extra/regular_dubbing_performances./base/schemastaging/tv_star_dubbing_performance/language n-n
/base/thoroughbredracing/thoroughbred_racehorse/color n-1
/base/thoroughbredracing/thoroughbred_racehorse/country 1-1
/base/thoroughbredracing/thoroughbred_racehorse/sex n-1
/base/thoroughbredracing/thoroughbred_racehorse_color/horses_of_this_color 1-n
/base/thoroughbredracing/thoroughbred_racehorse_origin/horses_from_this_location 1-1
/base/thoroughbredracing/thoroughbred_racehorse_sex/horses_of_this_sex 1-n
/base/twinnedtowns/twinned_town/twinned_with./base/twinnedtowns/town_twinning/twinned_towns 1-1
/base/usnationalparks/us_national_park/state 1-1
/base/wrestling/professional_wrestler/member_of_team 1-1
/base/wrestling/solo_wrestler_or_team/members 1-1
/base/x2010fifaworldcupsouthafrica/world_cup_participant/world_cup_team./base/x2010fifaworldcupsouthafrica/current_world_cup_squad/current_club 1-1
/base/x2010fifaworldcupsouthafrica/world_cup_participant/world_cup_team./base/x2010fifaworldcupsouthafrica/current_world_cup_squad/national_team n-1
/base/x2010fifaworldcupsouthafrica/world_cup_participant/world_cup_team./base/x2010fifaworldcupsouthafrica/current_world_cup_squad/position n-1
/base/x2010fifaworldcupsouthafrica/world_cup_squad/current_world_cup_squad./base/x2010fifaworldcupsouthafrica/current_world_cup_squad/current_club n-n
/base/x2010fifaworldcupsouthafrica/world_cup_squad/current_world_cup_squad./base/x2010fifaworldcupsouthafrica/current_world_cup_squad/players 1-n
/base/x2010fifaworldcupsouthafrica/world_cup_squad/current_world_cup_squad./base/x2010fifaworldcupsouthafrica/current_world_cup_squad/position n-n
/base/yalebase/secret_society/notable_members./base/yalebase/secret_society_membership/member 1-n
/base/yalebase/secret_society_member/belonged_to./base/yalebase/secret_society_membership/society n-1
/baseball/baseball_league/teams 1-n
/baseball/baseball_player/batting_stats./baseball/batting_statistics/season n-n
/baseball/baseball_player/batting_stats./baseball/batting_statistics/team 1-n
/baseball/baseball_player/current_team./baseball/baseball_roster_position/position n-1
/baseball/baseball_player/current_team./baseball/baseball_roster_position/team n-1
/baseball/baseball_player/current_team./sports/sports_team_roster/position n-1
/baseball/baseball_player/current_team./sports/sports_team_roster/team n-1
/baseball/baseball_player/former_teams./baseball/baseball_historical_roster_position/team 1-n
/baseball/baseball_player/former_teams./sports/sports_team_roster/team 1-n
/baseball/baseball_player/lifetime_batting_statistics./baseball/lifetime_batting_statistics/ending_season 1-1
/baseball/baseball_player/lifetime_batting_statistics./baseball/lifetime_batting_statistics/last_statistics_season 1-1
/baseball/baseball_player/lifetime_batting_statistics./baseball/lifetime_batting_statistics/starting_season 1-1
/baseball/baseball_player/position_s n-n
/baseball/baseball_position/players n-n
/baseball/baseball_team/current_roster./baseball/baseball_roster_position/player 1-n
/baseball/baseball_team/current_roster./baseball/baseball_roster_position/position n-n
/baseball/baseball_team/current_roster./sports/sports_team_roster/player 1-n
/baseball/baseball_team/current_roster./sports/sports_team_roster/position n-n
/baseball/baseball_team/historical_roster./baseball/baseball_historical_roster_position/player n-1
/baseball/baseball_team/historical_roster./sports/sports_team_roster/player n-1
/baseball/baseball_team/league n-1
/baseball/baseball_team/team_stats./baseball/baseball_team_stats/season n-n
/basketball/basketball_player/former_teams./basketball/basketball_historical_roster_position/team 1-n
/basketball/basketball_player/former_teams./sports/sports_team_roster/team 1-n
/basketball/basketball_player/player_statistics./basketball/basketball_player_stats/team n-n
/basketball/basketball_player/position_s n-n
/basketball/basketball_player/team./basketball/basketball_roster_position/position n-1
/basketball/basketball_player/team./basketball/basketball_roster_position/team n-1
/basketball/basketball_player/team./sports/sports_team_roster/position n-1
/basketball/basketball_player/team./sports/sports_team_roster/team n-1
/basketball/basketball_position/player_roster_position./basketball/basketball_roster_position/player 1-n
/basketball/basketball_position/player_roster_position./basketball/basketball_roster_position/team n-n
/basketball/basketball_position/player_roster_position./sports/sports_team_roster/player 1-n
/basketball/basketball_position/player_roster_position./sports/sports_team_roster/team n-n
/basketball/basketball_position/players n-n
/basketball/basketball_team/historical_roster./basketball/basketball_historical_roster_position/player n-1
/basketball/basketball_team/historical_roster./sports/sports_team_roster/player n-1
/basketball/basketball_team/roster./basketball/basketball_roster_position/player 1-n
/basketball/basketball_team/roster./basketball/basketball_roster_position/position n-n
/basketball/basketball_team/roster./sports/sports_team_roster/player 1-n
/basketball/basketball_team/roster./sports/sports_team_roster/position n-n
/biology/animal_breed/breed_of n-1
/biology/animal_breed/place_of_origin 1-n
/biology/animal_breed/registered_with./biology/breed_registration/breed_group n-1
/biology/animal_breed/registered_with./biology/breed_registration/registry n-1
/biology/breed_group/breeds_in_this_group./biology/breed_registration/breed 1-n
/biology/breed_origin/breeds_originating_here n-1
/biology/breed_registry/recognized_breeds./biology/breed_registration/breed 1-n
/biology/domesticated_animal/breeds 1-n
/biology/organism/organism_type n-1
/biology/organism/sex n-1
/biology/organism_classification/higher_classification n-1
/biology/organism_classification/lower_classifications 1-n
/biology/organism_classification/organisms_of_this_type 1-n
/biology/organism_classification/rank n-1
/biology/organism_classification_rank/organism_classifications 1-n
/book/author/school_or_movement n-1
/book/author/series_written_or_contributed_to 1-1
/book/author/works_written n-1
/book/book/genre 1-n
/book/book_subject/works n-1
/book/literary_series/author_s 1-1
/book/magazine/genre 1-1
/book/magazine_genre/magazines_in_this_genre 1-1
/book/newspaper/circulation_areas 1-n
/book/newspaper/headquarters./location/mailing_address/citytown 1-n
/book/newspaper/headquarters./location/mailing_address/state_province_region 1-1
/book/newspaper/owner 1-1
/book/newspaper_owner/newspapers_owned 1-1
/book/periodical/publisher./book/periodical_publisher_period/publisher 1-1
/book/periodical/subjects 1-1
/book/periodical_format/periodicals_in_this_format./book/periodical_format_period/periodical 1-1
/book/periodical_publisher/periodicals_published./book/periodical_publisher_period/periodical 1-1
/book/periodical_subject/periodicals 1-1
/book/school_or_movement/associated_authors 1-n
/book/written_work/author 1-n
/book/written_work/original_language n-1
/book/written_work/subjects 1-n
/broadcast/artist/content n-1
/broadcast/broadcast/area_served 1-n
/broadcast/broadcast/content 1-1
/broadcast/broadcast/distributor 1-1
/broadcast/content/artist 1-n
/broadcast/content/broadcast 1-1
/broadcast/content/genre 1-n
/broadcast/content/language n-1
/broadcast/content/location 1-1
/broadcast/content/producer 1-1
/broadcast/distributor/distributes 1-1
/broadcast/genre/content n-1
/broadcast/producer/produces 1-1
/broadcast/radio_format/stations n-1
/broadcast/radio_station/format 1-n
/broadcast/radio_station/owner 1-1
/broadcast/radio_station_owner/radio_stations 1-1
/broadcast/tv_station/owner n-1
/broadcast/tv_station_owner/tv_stations 1-n
/business/asset/owners./business/asset_ownership/owner 1-1
/business/asset_owner/assets_owned./business/asset_ownership/owned_asset 1-1
/business/board_member/leader_of./organization/leadership/organization 1-1
/business/board_member/leader_of./organization/leadership/role n-1
/business/board_member/organization_board_memberships./organization/organization_board_membership/organization 1-1
/business/board_member/organization_board_memberships./organization/organization_board_membership/role 1-1
/business/brand/owner_s./business/company_brand_relationship/company 1-1
/business/business_operation/assets./measurement_unit/dated_money_value/currency n-1
/business/business_operation/cash./measurement_unit/dated_money_value/currency n-1
/business/business_operation/current_assets./measurement_unit/dated_money_value/currency n-1
/business/business_operation/current_liabilities./measurement_unit/dated_money_value/currency n-1
/business/business_operation/industry n-n
/business/business_operation/liabilities./measurement_unit/dated_money_value/currency n-1
/business/business_operation/net_profit./measurement_unit/dated_money_value/currency n-1
/business/business_operation/operating_income./measurement_unit/dated_money_value/currency n-1
/business/business_operation/retained_earnings./measurement_unit/dated_money_value/currency n-1
/business/business_operation/revenue./measurement_unit/dated_money_value/currency n-1
/business/company_type/companies_of_this_type 1-n
/business/consumer_company/brands./business/company_brand_relationship/brand 1-1
/business/consumer_company/products./business/company_product_relationship/consumer_product 1-1
/business/consumer_product/company./business/company_product_relationship/company 1-1
/business/employer/employees./business/employment_tenure/person 1-n
/business/employer/employees./business/employment_tenure/title n-n
/business/industry/companies n-n
/business/job_title/people_with_this_title./business/employment_tenure/company n-n
/business/job_title/people_with_this_title./business/employment_tenure/person 1-n
/business/sponsor/sponsorship./business/sponsorship/sponsored_recipient n-1
/business/sponsored_recipient/sponsorship./business/sponsorship/sponsored_by 1-n
/celebrities/celebrity/celebrity_friends./celebrities/friendship/friend n-n
/celebrities/celebrity/sexual_orientation./celebrities/sexual_orientation_phase/sexual_orientation n-1
/celebrities/celebrity/sexual_relationships./celebrities/romantic_relationship/celebrity 1-1
/celebrities/sexual_orientation/celebrities./celebrities/sexual_orientation_phase/celebrity 1-n
/chemistry/chemical_compound/solubility./chemistry/solubility_relationship/solvent n-1
/comic_books/comic_book_character/created_by 1-n
/comic_books/comic_book_character/primary_universe n-1
/comic_books/comic_book_character/regular_featured_appearances 1-1
/comic_books/comic_book_creator/characters_created n-1
/comic_books/comic_book_creator/series_created 1-1
/comic_books/comic_book_fictional_universe/characters_primarily_appearing_in_this_universe 1-n
/comic_books/comic_book_publisher/comic_book_series_published 1-1
/comic_books/comic_book_series/created_by 1-1
/comic_books/comic_book_series/featured_characters 1-1
/comic_books/comic_book_series/publisher 1-1
/common/annotation_category/annotations 1-n
/common/annotation_category/annotations./common/webpage/topic 1-n
/common/resource/annotations./common/webpage/category 1-1
/common/resource/annotations./common/webpage/topic 1-1
/common/topic/subject_of 1-1
/common/topic/subjects 1-1
/common/topic/webpage./common/webpage/category n-1
/common/topic/webpage./common/webpage/resource 1-1
/common/topic/webpage./common/webpage/topic n-n
/common/webpage/category n-1
/common/webpage/topic 1-1
/computer/computer/compatible_oses./computer/os_compatibility/operating_system 1-1
/computer/computer/manufacturer n-1
/computer/computer_manufacturer_brand/computer_models 1-n
/computer/operating_system/developer n-1
/computer/operating_system/includes_os_versions 1-1
/computer/operating_system/parent_os 1-1
/computer/operating_system_developer/operating_systems_developed 1-n
/computer/programming_language/dialects 1-1
/computer/programming_language/influenced n-n
/computer/programming_language/influenced_by n-n
/computer/programming_language/language_designers 1-1
/computer/programming_language/language_paradigms n-n
/computer/programming_language/parent_language 1-1
/computer/programming_language_designer/languages_designed 1-1
/computer/programming_language_paradigm/languages n-n
/computer/software/compatible_oses./computer/software_compatibility/operating_system n-1
/computer/software/developer n-1
/computer/software/languages_used n-1
/computer/software/license n-1
/computer/software/software_genre n-1
/computer/software_developer/software 1-n
/computer/software_genre/software_in_genre 1-n
/cvg/computer_game_subject/games n-1
/cvg/computer_videogame/characters./cvg/game_performance/character 1-n
/cvg/computer_videogame/characters./cvg/game_performance/voice_actor 1-1
/cvg/computer_videogame/cvg_genre n-n
/cvg/computer_videogame/designers n-1
/cvg/computer_videogame/developer 1-1
/cvg/computer_videogame/game_series 1-1
/cvg/computer_videogame/gameplay_modes n-n
/cvg/computer_videogame/prequel 1-1
/cvg/computer_videogame/publisher n-1
/cvg/computer_videogame/sequel 1-1
/cvg/computer_videogame/subjects 1-n
/cvg/cvg_designer/games_designed 1-n
/cvg/cvg_developer/games_developed 1-1
/cvg/cvg_genre/games n-n
/cvg/cvg_publisher/games_published 1-n
/cvg/game_character/games./cvg/game_performance/game n-1
/cvg/game_character/games./cvg/game_performance/voice_actor 1-1
/cvg/game_series/games_in_series 1-1
/cvg/game_voice_actor/computer_game_voice_performances./cvg/game_performance/character 1-1
/cvg/game_voice_actor/computer_game_voice_performances./cvg/game_performance/game 1-1
/cvg/gameplay_mode/games_with_this_mode n-n
/dataworld/gardening_hint/split_to 1-1
/dining/cuisine/dishes 1-1
/dining/cuisine/ingredients 1-1
/dining/cuisine/restaurant n-1
/dining/restaurant/cuisine 1-n
/education/academic/advisees 1-1
/education/academic/advisors 1-1
/education/academic/appointments_fellowships_etc./education/academic_post/institution 1-n
/education/academic/research_areas 1-1
/education/academic_institution/visiting_scholars_fellows_etc./education/academic_post/person n-1
/education/educational_degree/people_with_this_degree./education/education/institution n-n
/education/educational_degree/people_with_this_degree./education/education/major_field_of_study n-n
/education/educational_degree/people_with_this_degree./education/education/minor n-n
/education/educational_degree/people_with_this_degree./education/education/specialization 1-n
/education/educational_degree/people_with_this_degree./education/education/student 1-n
/education/educational_institution/campuses 1-1
/education/educational_institution/colors n-n
/education/educational_institution/mascot 1-1
/education/educational_institution/parent_institution n-1
/education/educational_institution/school_type n-1
/education/educational_institution/sexes_accepted./education/gender_enrollment/sex n-n
/education/educational_institution/sports_teams 1-1
/education/educational_institution/students_graduates./education/education/degree n-n
/education/educational_institution/students_graduates./education/education/major_field_of_study n-n
/education/educational_institution/students_graduates./education/education/minor n-1
/education/educational_institution/students_graduates./education/education/specialization n-1
/education/educational_institution/students_graduates./education/education/student 1-n
/education/educational_institution/subsidiary_or_constituent_schools 1-n
/education/educational_institution_campus/educational_institution 1-1
/education/field_of_study/academics_in_this_field 1-1
/education/field_of_study/students_majoring./education/education/degree n-n
/education/field_of_study/students_majoring./education/education/institution n-n
/education/field_of_study/students_majoring./education/education/major_field_of_study n-n
/education/field_of_study/students_majoring./education/education/minor n-n
/education/field_of_study/students_majoring./education/education/specialization 1-n
/education/field_of_study/students_majoring./education/education/student 1-n
/education/field_of_study/subdiscipline_of n-1
/education/field_of_study/subdisciplines 1-n
/education/fraternity_sorority/colleges_and_universities 1-n
/education/fraternity_sorority/colors 1-1
/education/fraternity_sorority/founded_location 1-1
/education/school/highest_grade_taught n-1
/education/school/lowest_grade_taught n-1
/education/school/school_district 1-1
/education/school_category/schools_of_this_kind 1-n
/education/school_district/locations_served 1-1
/education/school_district/schools 1-1
/education/school_mascot/school 1-1
/education/university/domestic_tuition./measurement_unit/dated_money_value/currency n-1
/education/university/fraternities_and_sororities n-1
/education/university/international_tuition./measurement_unit/dated_money_value/currency n-1
/education/university/local_tuition./measurement_unit/dated_money_value/currency n-1
/exhibitions/exhibition_sponsor/exhibitions_sponsored./exhibitions/exhibition_run/sponsor 1-1
/exhibitions/exhibition_sponsor/exhibitions_sponsored./exhibitions/exhibition_run/venue n-1
/exhibitions/exhibition_venue/exhibitions_at_this_venue./exhibitions/exhibition_run/sponsor 1-n
/fictional_universe/character_gender/characters_of_this_gender 1-n
/fictional_universe/character_occupation/characters_with_this_occupation n-n
/fictional_universe/character_powers/characters_with_this_ability n-n
/fictional_universe/character_rank/characters_of_this_rank 1-1
/fictional_universe/character_species/characters_of_this_species 1-n
/fictional_universe/ethnicity_in_fiction/characters_of_this_ethnicity 1-1
/fictional_universe/fictional_character/appears_in_these_fictional_universes n-1
/fictional_universe/fictional_character/based_on 1-1
/fictional_universe/fictional_character/character_created_by 1-n
/fictional_universe/fictional_character/children 1-1
/fictional_universe/fictional_character/employers./fictional_universe/fictional_employment_tenure/title 1-1
/fictional_universe/fictional_character/ethnicity 1-1
/fictional_universe/fictional_character/gender n-1
/fictional_universe/fictional_character/married_to./fictional_universe/marriage_of_fictional_characters/spouses 1-1
/fictional_universe/fictional_character/occupation n-n
/fictional_universe/fictional_character/parents 1-1
/fictional_universe/fictional_character/place_of_birth 1-1
/fictional_universe/fictional_character/powers_or_abilities n-n
/fictional_universe/fictional_character/rank 1-1
/fictional_universe/fictional_character/romantically_involved_with./fictional_universe/romantic_involvement/partner 1-1
/fictional_universe/fictional_character/siblings./fictional_universe/sibling_relationship_of_fictional_characters/siblings 1-1
/fictional_universe/fictional_character/species n-1
/fictional_universe/fictional_character_creator/fictional_characters_created n-1
/fictional_universe/fictional_job_title/fictional_characters_with_this_job./fictional_universe/fictional_employment_tenure/employee 1-1
/fictional_universe/fictional_setting/fictional_characters_born_here 1-1
/fictional_universe/fictional_setting/works_set_here 1-1
/fictional_universe/fictional_universe/characters 1-n
/fictional_universe/fictional_universe/works_set_here 1-n
/fictional_universe/person_in_fiction/representations_in_fiction 1-1
/fictional_universe/work_of_fiction/part_of_these_fictional_universes n-1
/fictional_universe/work_of_fiction/setting 1-1
/film/actor/dubbing_performances./film/dubbing_performance/character 1-1
/film/actor/dubbing_performances./film/dubbing_performance/film n-n
/film/actor/dubbing_performances./film/dubbing_performance/language n-1
/film/actor/film./film/performance/character n-1
/film/actor/film./film/performance/film n-n
/film/actor/film./film/performance/special_performance_type n-1
/film/cinematographer/film 1-n
/film/director/film 1-n
/film/editor/film 1-n
/film/film/cinematography n-1
/film/film/costume_design_by n-1
/film/film/country n-n
/film/film/directed_by n-1
/film/film/distributors./film/film_film_distributor_relationship/distributor n-n
/film/film/distributors./film/film_film_distributor_relationship/film_distribution_medium n-n
/film/film/distributors./film/film_film_distributor_relationship/region n-1
/film/film/dubbing_performances./film/dubbing_performance/actor n-n
/film/film/dubbing_performances./film/dubbing_performance/character n-1
/film/film/dubbing_performances./film/dubbing_performance/language n-1
/film/film/edited_by n-1
/film/film/estimated_budget./measurement_unit/dated_money_value/currency n-1
/film/film/executive_produced_by n-1
/film/film/featured_film_locations n-n
/film/film/film_art_direction_by n-1
/film/film/film_casting_director n-1
/film/film/film_festivals n-1
/film/film/film_format n-1
/film/film/film_production_design_by n-1
/film/film/film_series n-1
/film/film/film_set_decoration_by n-1
/film/film/genre n-n
/film/film/gross_revenue./measurement_unit/dated_money_value/currency n-1
/film/film/language n-n
/film/film/music n-1
/film/film/other_crew./film/film_crew_gig/crewmember n-1
/film/film/other_crew./film/film_crew_gig/film_crew_role n-n
/film/film/other_film_companies./film/film_film_company_relationship/film_company n-1
/film/film/personal_appearances./film/personal_film_appearance/person 1-n
/film/film/personal_appearances./film/personal_film_appearance/type_of_appearance n-1
/film/film/prequel 1-1
/film/film/produced_by n-1
/film/film/production_companies n-n
/film/film/release_date_s./film/film_regional_release_date/film_regional_debut_venue n-1
/film/film/release_date_s./film/film_regional_release_date/film_release_distribution_medium n-1
/film/film/release_date_s./film/film_regional_release_date/film_release_region n-n
/film/film/runtime./film/film_cut/film_release_region n-1
/film/film/runtime./film/film_cut/type_of_film_cut n-1
/film/film/sequel 1-1
/film/film/starring./film/performance/actor n-n
/film/film/starring./film/performance/character n-1
/film/film/starring./film/performance/special_performance_type n-1
/film/film/story_by n-1
/film/film/subjects n-1
/film/film/written_by n-1
/film/film_art_director/films_art_directed 1-n
/film/film_casting_director/films_casting_directed 1-n
/film/film_character/portrayed_in_films./film/performance/actor 1-n
/film/film_character/portrayed_in_films./film/performance/film 1-n
/film/film_character/portrayed_in_films./film/performance/special_performance_type n-1
/film/film_character/portrayed_in_films_dubbed./film/dubbing_performance/actor 1-1
/film/film_character/portrayed_in_films_dubbed./film/dubbing_performance/film 1-n
/film/film_character/portrayed_in_films_dubbed./film/dubbing_performance/language n-1
/film/film_company/films./film/film_film_company_relationship/film 1-n
/film/film_costumer_designer/costume_design_for_film 1-n
/film/film_crewmember/films_crewed./film/film_crew_gig/film 1-n
/film/film_crewmember/films_crewed./film/film_crew_gig/film_crew_role n-1
/film/film_distribution_medium/films_distributed_in_this_medium./film/film_film_distributor_relationship/film n-n
/film/film_distributor/films_distributed./film/film_film_distributor_relationship/film n-n
/film/film_featured_song/performed_by 1-1
/film/film_festival/individual_festivals 1-n
/film/film_festival/location 1-1
/film/film_festival_event/festival n-1
/film/film_festival_event/films 1-n
/film/film_format/film_format 1-n
/film/film_genre/films_in_this_genre n-n
/film/film_job/films_with_this_crew_job./film/film_crew_gig/crewmember 1-n
/film/film_job/films_with_this_crew_job./film/film_crew_gig/film n-n
/film/film_location/featured_in_films n-n
/film/film_production_designer/films_production_designed 1-n
/film/film_series/films_in_series 1-n
/film/film_set_designer/film_sets_designed 1-n
/film/film_story_contributor/film_story_credits 1-n
/film/film_subject/films 1-n
/film/music_contributor/film 1-n
/film/person_or_entity_appearing_in_film/films./film/personal_film_appearance/film n-1
/film/person_or_entity_appearing_in_film/films./film/personal_film_appearance/type_of_appearance n-1
/film/personal_film_appearance_type/film_appearances./film/personal_film_appearance/film 1-n
/film/personal_film_appearance_type/film_appearances./film/personal_film_appearance/person 1-n
/film/producer/film 1-n
/film/producer/films_executive_produced 1-n
/film/production_company/films n-n
/film/special_film_performance_type/film_performance_type./film/performance/actor 1-n
/film/special_film_performance_type/film_performance_type./film/performance/character 1-n
/film/special_film_performance_type/film_performance_type./film/performance/film 1-n
/film/writer/film 1-n
/finance/currency/countries_formerly_used 1-n
/finance/currency/countries_used 1-n
/food/diet/followers 1-n
/food/diet_follower/follows_diet n-1
/food/dietary_restriction/compatible_ingredients n-n
/food/dietary_restriction/incompatible_ingredients 1-n
/food/dish/cuisine 1-1
/food/dish/ingredients 1-1
/food/food/nutrients./food/nutrition_fact/nutrient n-n
/food/ingredient/compatible_with_dietary_restrictions n-n
/food/ingredient/cuisine 1-1
/food/ingredient/dishes 1-1
/food/ingredient/incompatible_with_dietary_restrictions n-1
/games/game_genre/boardgames 1-1
/geography/body_of_water/islands 1-n
/geography/geographical_feature/category n-1
/geography/geographical_feature_category/features 1-n
/geography/island/body_of_water n-1
/geography/island/island_group n-1
/geography/island_group/islands_in_group 1-n
/geography/lake/basin_countries n-n
/geography/lake/cities 1-n
/geography/lake/lake_type 1-1
/geography/lake_type/lakes_of_this_type 1-1
/geography/river/basin_countries 1-n
/geography/river/cities 1-n
/geography/river/mouth 1-1
/government/election/office 1-1
/government/form_of_government/countries n-n
/government/government_agency/jurisdiction n-1
/government/government_office_category/officeholders./government/government_position_held/appointed_by 1-n
/government/government_office_category/officeholders./government/government_position_held/district_represented 1-n
/government/government_office_category/officeholders./government/government_position_held/governmental_body n-n
/government/government_office_category/officeholders./government/government_position_held/jurisdiction_of_office n-n
/government/government_office_category/officeholders./government/government_position_held/legislative_sessions n-n
/government/government_office_category/officeholders./government/government_position_held/office_holder n-n
/government/government_office_category/officeholders./government/government_position_held/office_position_or_title 1-n
/government/government_office_category/offices 1-n
/government/government_office_or_title/category n-1
/government/government_office_or_title/governmental_body_if_any 1-1
/government/government_office_or_title/jurisdiction 1-1
/government/government_office_or_title/office_holders./government/government_position_held/appointed_by n-n
/government/government_office_or_title/office_holders./government/government_position_held/basic_title n-1
/government/government_office_or_title/office_holders./government/government_position_held/governmental_body 1-1
/government/government_office_or_title/office_holders./government/government_position_held/jurisdiction_of_office 1-1
/government/government_office_or_title/office_holders./government/government_position_held/legislative_sessions 1-n
/government/government_office_or_title/office_holders./government/government_position_held/office_holder 1-n
/government/governmental_body/body_this_is_a_component_of 1-1
/government/governmental_body/component_bodies 1-1
/government/governmental_body/jurisdiction n-1
/government/governmental_body/members./government/government_position_held/appointed_by n-n
/government/governmental_body/members./government/government_position_held/basic_title n-n
/government/governmental_body/members./government/government_position_held/district_represented 1-n
/government/governmental_body/members./government/government_position_held/jurisdiction_of_office n-1
/government/governmental_body/members./government/government_position_held/legislative_sessions n-n
/government/governmental_body/members./government/government_position_held/office_holder n-n
/government/governmental_body/members./government/government_position_held/office_position_or_title 1-1
/government/governmental_body/offices_positions 1-1
/government/governmental_body/sessions 1-n
/government/governmental_jurisdiction/agencies 1-n
/government/governmental_jurisdiction/governing_officials./government/government_position_held/appointed_by 1-n
/government/governmental_jurisdiction/governing_officials./government/government_position_held/basic_title n-n
/government/governmental_jurisdiction/governing_officials./government/government_position_held/district_represented 1-n
/government/governmental_jurisdiction/governing_officials./government/government_position_held/governmental_body 1-n
/government/governmental_jurisdiction/governing_officials./government/government_position_held/legislative_sessions 1-n
/government/governmental_jurisdiction/governing_officials./government/government_position_held/office_holder 1-n
/government/governmental_jurisdiction/governing_officials./government/government_position_held/office_position_or_title 1-1
/government/governmental_jurisdiction/government_bodies 1-n
/government/governmental_jurisdiction/government_positions 1-1
/government/governmental_jurisdiction/official_symbols./location/location_symbol_relationship/symbol n-1
/government/legislative_session/legislature n-1
/government/legislative_session/members./government/government_position_held/basic_title n-n
/government/legislative_session/members./government/government_position_held/district_represented n-n
/government/legislative_session/members./government/government_position_held/governmental_body n-n
/government/legislative_session/members./government/government_position_held/jurisdiction_of_office n-1
/government/legislative_session/members./government/government_position_held/legislative_sessions n-n
/government/legislative_session/members./government/government_position_held/office_holder n-n
/government/legislative_session/members./government/government_position_held/office_position_or_title n-1
/government/political_appointer/appointees./government/government_position_held/basic_title n-1
/government/political_appointer/appointees./government/government_position_held/governmental_body n-n
/government/political_appointer/appointees./government/government_position_held/jurisdiction_of_office n-1
/government/political_appointer/appointees./government/government_position_held/office_holder 1-n
/government/political_appointer/appointees./government/government_position_held/office_position_or_title n-n
/government/political_district/representatives./government/government_position_held/basic_title n-1
/government/political_district/representatives./government/government_position_held/governmental_body n-1
/government/political_district/representatives./government/government_position_held/jurisdiction_of_office n-1
/government/political_district/representatives./government/government_position_held/legislative_sessions n-n
/government/political_district/representatives./government/government_position_held/office_holder 1-n
/government/political_ideology/political_parties 1-n
/government/political_party/ideology n-1
/government/political_party/politicians_in_this_party./government/political_party_tenure/politician 1-n
/government/politician/government_positions_held./government/government_position_held/appointed_by n-1
/government/politician/government_positions_held./government/government_position_held/basic_title n-n
/government/politician/government_positions_held./government/government_position_held/district_represented n-1
/government/politician/government_positions_held./government/government_position_held/governmental_body n-n
/government/politician/government_positions_held./government/government_position_held/jurisdiction_of_office n-1
/government/politician/government_positions_held./government/government_position_held/legislative_sessions n-n
/government/politician/government_positions_held./government/government_position_held/office_position_or_title n-1
/government/politician/party./government/political_party_tenure/party n-1
/ice_hockey/hockey_player/current_team./ice_hockey/hockey_roster_position/position 1-1
/ice_hockey/hockey_player/current_team./ice_hockey/hockey_roster_position/team 1-1
/ice_hockey/hockey_player/current_team./sports/sports_team_roster/position 1-1
/ice_hockey/hockey_player/current_team./sports/sports_team_roster/team 1-1
/ice_hockey/hockey_player/former_team_s./ice_hockey/hockey_previous_roster_position/team 1-n
/ice_hockey/hockey_player/former_team_s./sports/sports_team_roster/team 1-n
/ice_hockey/hockey_player/hockey_position 1-1
/ice_hockey/hockey_position/players 1-1
/ice_hockey/hockey_team/current_roster./ice_hockey/hockey_roster_position/player 1-1
/ice_hockey/hockey_team/current_roster./ice_hockey/hockey_roster_position/position n-n
/ice_hockey/hockey_team/current_roster./sports/sports_team_roster/player 1-1
/ice_hockey/hockey_team/current_roster./sports/sports_team_roster/position n-n
/ice_hockey/hockey_team/historical_roster./ice_hockey/hockey_previous_roster_position/player n-1
/ice_hockey/hockey_team/historical_roster./sports/sports_team_roster/player n-1
/influence/influence_node/influenced n-n
/influence/influence_node/influenced_by n-n
/influence/influence_node/peers./influence/peer_relationship/peers 1-1
/interests/collection_category/parent_category 1-1
/interests/collection_category/sub_categories 1-1
/internet/website/category 1-n
/internet/website/owner_new./internet/website_ownership/owner 1-1
/internet/website_category/sites n-1
/internet/website_owner/websites_owned_new./internet/website_ownership/website 1-1
/language/human_language/countries_spoken_in n-n
/language/human_language/dialects 1-1
/language/human_language/language_family n-1
/language/human_language/main_country 1-1
/language/human_language/region n-1
/language/human_language/writing_system n-1
/language/language_dialect/language 1-1
/language/language_family/languages 1-n
/language/language_writing_system/languages 1-n
/law/court/judges./law/judicial_tenure/judge 1-1
/law/invention/inventor 1-1
/law/inventor/inventions 1-1
/law/judge/courts./law/judicial_tenure/court 1-1
/location/administrative_division/capital./location/administrative_division_capital_relationship/capital 1-1
/location/administrative_division/country n-1
/location/administrative_division/first_level_division_of n-1
/location/administrative_division/second_level_division_of n-1
/location/capital_of_administrative_division/capital_of./location/administrative_division_capital_relationship/administrative_division 1-1
/location/country/administrative_divisions 1-n
/location/country/capital 1-1
/location/country/currency_formerly_used n-1
/location/country/currency_used n-1
/location/country/first_level_divisions 1-n
/location/country/form_of_government n-n
/location/country/languages_spoken n-n
/location/country/official_language n-1
/location/country/second_level_divisions 1-n
/location/hud_county_place/county n-1
/location/hud_county_place/place 1-1
/location/hud_foreclosure_area/estimated_number_foreclosures./measurement_unit/dated_integer/source n-1
/location/hud_foreclosure_area/estimated_number_of_mortgages./measurement_unit/dated_integer/source n-1
/location/hud_foreclosure_area/hhuniv./measurement_unit/dated_integer/source n-1
/location/hud_foreclosure_area/total_90_day_vacant_residential_addresses./measurement_unit/dated_integer/source n-1
/location/hud_foreclosure_area/total_residential_addresses./measurement_unit/dated_integer/source n-1
/location/it_province/capital 1-1
/location/location/adjoin_s./location/adjoining_relationship/adjoins n-n
/location/location/containedby n-n
/location/location/contains n-n
/location/location/events n-n
/location/location/nearby_airports n-1
/location/location/partially_containedby n-n
/location/location/partially_contains n-n
/location/location/people_born_here 1-n
/location/location/street_address./location/mailing_address/citytown 1-1
/location/location/street_address./location/mailing_address/state_province_region 1-1
/location/location/time_zones n-1
/location/neighborhood/neighborhood_of n-n
/location/place_with_neighborhoods/neighborhoods n-n
/location/statistical_region/gdp_nominal./measurement_unit/dated_money_value/currency n-1
/location/statistical_region/gdp_nominal_per_capita./measurement_unit/dated_money_value/currency n-1
/location/statistical_region/gdp_real./measurement_unit/adjusted_money_value/adjustment_currency n-1
/location/statistical_region/gni_in_ppp_dollars./measurement_unit/dated_money_value/currency n-1
/location/statistical_region/gni_per_capita_in_ppp_dollars./measurement_unit/dated_money_value/currency n-1
/location/statistical_region/places_exported_to./location/imports_and_exports/exported_to n-n
/location/statistical_region/places_imported_from./location/imports_and_exports/imported_from n-n
/location/statistical_region/population./measurement_unit/dated_integer/source n-1
/location/statistical_region/religions./location/religion_percentage/religion n-n
/location/statistical_region/rent50_0./measurement_unit/dated_money_value/currency n-1
/location/statistical_region/rent50_1./measurement_unit/dated_money_value/currency n-1
/location/statistical_region/rent50_2./measurement_unit/dated_money_value/currency n-1
/location/statistical_region/rent50_3./measurement_unit/dated_money_value/currency n-1
/location/statistical_region/rent50_4./measurement_unit/dated_money_value/currency n-1
/location/symbol_of_administrative_division/official_symbol_of./location/location_symbol_relationship/administrative_division 1-n
/location/us_county/county_seat 1-1
/location/us_county/hud_county_place 1-n
/martial_arts/martial_art/well_known_practitioner 1-1
/martial_arts/martial_artist/martial_art 1-1
/media_common/adaptation/adapted_from 1-1
/media_common/adapted_work/adaptations 1-1
/media_common/dedicated_work/dedication./media_common/dedication/dedicated_by 1-1
/media_common/dedicated_work/dedication./media_common/dedication/dedicated_to 1-1
/media_common/dedicatee/dedications./media_common/dedication/dedicated_by 1-1
/media_common/dedicatee/dedications./media_common/dedication/work_dedicated 1-1
/media_common/dedicator/dedications./media_common/dedication/dedicated_to 1-1
/media_common/dedicator/dedications./media_common/dedication/work_dedicated 1-1
/media_common/literary_genre/books_in_this_genre n-1
/media_common/media_genre/child_genres 1-n
/media_common/media_genre/parent_genre n-1
/media_common/netflix_genre/titles n-n
/media_common/netflix_title/netflix_genres n-n
/medicine/condition_prevention_factors/conditions_this_may_prevent 1-1
/medicine/disease/causes n-n
/medicine/disease/includes_diseases 1-n
/medicine/disease/medical_specialties n-n
/medicine/disease/notable_people_with_this_condition 1-n
/medicine/disease/parent_disease n-1
/medicine/disease/prevention_factors 1-1
/medicine/disease/risk_factors n-n
/medicine/disease/symptoms n-n
/medicine/disease/treatments n-n
/medicine/disease_cause/diseases n-n
/medicine/drug/active_moieties 1-1
/medicine/drug/drug_class 1-1
/medicine/drug/legal_status n-1
/medicine/drug_class/drugs 1-1
/medicine/drug_ingredient/active_moiety_of_drug 1-1
/medicine/drug_ingredient/more_general_ingredient 1-1
/medicine/drug_ingredient/more_specific_ingredient 1-1
/medicine/icd_9_cm_classification/includes_classifications 1-1
/medicine/icd_9_cm_classification/parent_classification 1-1
/medicine/infectious_disease/infectious_agent_type n-1
/medicine/medical_specialty/diseases_treated n-n
/medicine/medical_treatment/side_effects 1-1
/medicine/medical_treatment/used_to_treat n-n
/medicine/notable_person_with_medical_condition/condition n-1
/medicine/risk_factor/diseases n-n
/medicine/symptom/side_effect_of 1-1
/medicine/symptom/symptom_of n-n
/medicine/type_of_infectious_agent/diseases 1-n
/metropolitan_transit/transit_line/service_type 1-1
/metropolitan_transit/transit_service_type/transit_lines 1-1
/metropolitan_transit/transit_system/area_served 1-1
/military/armed_force/military_posts./military/military_post_use/military_post 1-1
/military/armed_force/personnel./military/military_service/military_person 1-n
/military/armed_force/personnel./military/military_service/rank n-n
/military/military_combatant/casualties./military/casualties/military_conflict n-n
/military/military_combatant/force_deployments./military/force_strength/combatant n-n
/military/military_combatant/force_deployments./military/force_strength/military_conflict n-1
/military/military_combatant/military_commanders./military/military_command/military_commander 1-n
/military/military_combatant/military_commanders./military/military_command/military_conflict n-n
/military/military_combatant/military_conflicts./military/military_combatant_group/combatants n-n
/military/military_combatant/military_conflicts./military/military_combatant_group/conflict n-n
/military/military_commander/military_commands./military/military_command/military_combatant n-1
/military/military_commander/military_commands./military/military_command/military_conflict n-n
/military/military_conflict/casualties./military/casualties/combatant n-n
/military/military_conflict/combatants./military/military_combatant_group/combatants n-n
/military/military_conflict/commanders./military/military_command/military_combatant n-n
/military/military_conflict/commanders./military/military_command/military_commander n-n
/military/military_conflict/force_strengths./military/force_strength/combatant 1-n
/military/military_conflict/military_personnel_involved 1-n
/military/military_person/participated_in_conflicts n-1
/military/military_person/service./military/military_service/military_force n-1
/military/military_person/service./military/military_service/rank n-1
/military/military_post/used_by_armed_forces./military/military_post_use/armed_force 1-1
/military/rank/used_by_services./military/military_service/military_force n-n
/military/rank/used_by_services./military/military_service/military_person 1-n
/music/album/artist 1-1
/music/album/genre 1-1
/music/album_release_type/albums 1-1
/music/artist/album 1-1
/music/artist/contribution./music/recording_contribution/performance_role n-n
/music/artist/genre n-n
/music/artist/label n-n
/music/artist/origin n-1
/music/artist/supporting_artists 1-1
/music/artist/track_contributions./music/track_contribution/role n-n
/music/concert_tour/artist 1-1
/music/conducted_ensemble/conductors./music/conducting_tenure/conductor 1-1
/music/conductor/groups./music/conducting_tenure/ensemble 1-1
/music/genre/albums 1-1
/music/genre/artists n-n
/music/genre/parent_genre n-n
/music/genre/subgenre n-n
/music/group_member/artists_supported 1-1
/music/group_member/instruments_played n-n
/music/group_member/membership./music/group_membership/group n-1
/music/group_member/membership./music/group_membership/role n-n
/music/group_member/vocal_range n-1
/music/instrument/family n-1
/music/instrument/instrumentalists n-n
/music/instrument/variation 1-n
/music/musical_group/member./music/group_membership/member 1-n
/music/musical_group/member./music/group_membership/role n-n
/music/performance_role/guest_performances./music/recording_contribution/contributor n-n
/music/performance_role/guest_performances./music/recording_contribution/performance_role n-n
/music/performance_role/regular_performances./music/group_membership/group n-n
/music/performance_role/regular_performances./music/group_membership/member n-n
/music/performance_role/regular_performances./music/group_membership/role n-n
/music/performance_role/track_performances./music/track_contribution/contributor n-n
/music/performance_role/track_performances./music/track_contribution/role n-n
/music/record_label/artist n-n
/music/voice/singers 1-n
/olympics/olympic_athlete/country./olympics/olympic_athlete_affiliation/country n-1
/olympics/olympic_athlete/country./olympics/olympic_athlete_affiliation/olympics n-1
/olympics/olympic_athlete/country./olympics/olympic_athlete_affiliation/sport n-1
/olympics/olympic_athlete/medals_won./olympics/olympic_medal_honor/country n-1
/olympics/olympic_athlete/medals_won./olympics/olympic_medal_honor/medal n-1
/olympics/olympic_athlete/medals_won./olympics/olympic_medal_honor/medalist n-n
/olympics/olympic_athlete/medals_won./olympics/olympic_medal_honor/olympics n-1
/olympics/olympic_games/athletes./olympics/olympic_athlete_affiliation/athlete 1-n
/olympics/olympic_games/athletes./olympics/olympic_athlete_affiliation/country n-n
/olympics/olympic_games/athletes./olympics/olympic_athlete_affiliation/sport n-n
/olympics/olympic_games/medals_awarded./olympics/olympic_medal_honor/country n-n
/olympics/olympic_games/medals_awarded./olympics/olympic_medal_honor/medal n-n
/olympics/olympic_games/medals_awarded./olympics/olympic_medal_honor/medalist 1-n
/olympics/olympic_games/participating_countries n-n
/olympics/olympic_games/sports n-n
/olympics/olympic_medal/medal_winners./olympics/olympic_medal_honor/country n-n
/olympics/olympic_medal/medal_winners./olympics/olympic_medal_honor/medalist 1-n
/olympics/olympic_medal/medal_winners./olympics/olympic_medal_honor/olympics n-n
/olympics/olympic_participating_country/athletes./olympics/olympic_athlete_affiliation/athlete 1-n
/olympics/olympic_participating_country/athletes./olympics/olympic_athlete_affiliation/olympics n-n
/olympics/olympic_participating_country/athletes./olympics/olympic_athlete_affiliation/sport n-n
/olympics/olympic_participating_country/medals_won./olympics/olympic_medal_honor/medal n-n
/olympics/olympic_participating_country/medals_won./olympics/olympic_medal_honor/medalist 1-n
/olympics/olympic_participating_country/medals_won./olympics/olympic_medal_honor/olympics n-n
/olympics/olympic_participating_country/olympics_participated_in n-n
/olympics/olympic_sport/athletes./olympics/olympic_athlete_affiliation/athlete 1-n
/olympics/olympic_sport/athletes./olympics/olympic_athlete_affiliation/country n-n
/olympics/olympic_sport/athletes./olympics/olympic_athlete_affiliation/olympics n-n
/olympics/olympic_sport/olympic_games_contested n-n
/organization/endowed_organization/endowment./measurement_unit/dated_money_value/currency n-1
/organization/membership_organization/members./organization/organization_membership/member n-n
/organization/non_profit_organization/registered_with./organization/non_profit_registration/registering_agency n-1
/organization/organization/acquired_by./business/acquisition/acquiring_company n-1
/organization/organization/board_members./organization/organization_board_membership/member 1-1
/organization/organization/board_members./organization/organization_board_membership/role n-1
/organization/organization/child./organization/organization_relationship/child 1-n
/organization/organization/companies_acquired./business/acquisition/company_acquired 1-n
/organization/organization/founders 1-n
/organization/organization/geographic_scope n-1
/organization/organization/headquarters./location/mailing_address/citytown n-1
/organization/organization/headquarters./location/mailing_address/country n-1
/organization/organization/headquarters./location/mailing_address/state_province_region n-1
/organization/organization/involved_in_merger./organization/organization_merger/became_organization 1-1
/organization/organization/involved_in_merger./organization/organization_merger/organizations_merging 1-1
/organization/organization/leadership./organization/leadership/person 1-1
/organization/organization/leadership./organization/leadership/role n-1
/organization/organization/legal_structure n-1
/organization/organization/organization_type n-1
/organization/organization/parent./organization/organization_relationship/parent n-1
/organization/organization/phone_number./common/phone_number/category n-1
/organization/organization/phone_number./common/phone_number/service_location n-1
/organization/organization/place_founded n-1
/organization/organization/product_of_merger./organization/organization_merger/organizations_merging 1-1
/organization/organization/sectors 1-1
/organization/organization/spin_offs./organization/organization_spin_off/child_company 1-1
/organization/organization/spun_off_from./organization/organization_spin_off/parent_company 1-1
/organization/organization_founder/organizations_founded n-1
/organization/organization_member/member_of./organization/organization_membership/organization n-n
/organization/organization_scope/organizations_with_this_scope 1-n
/organization/organization_sector/organizations_in_this_sector 1-1
/organization/organization_type/organizations_of_this_type 1-n
/organization/role/governors./organization/organization_board_membership/member 1-1
/organization/role/governors./organization/organization_board_membership/organization 1-n
/organization/role/leaders./organization/leadership/organization 1-n
/organization/role/leaders./organization/leadership/person 1-n
/people/appointed_role/appointment./people/appointment/appointed_by 1-n
/people/appointed_role/appointment./people/appointment/appointee 1-1
/people/appointee/position./people/appointment/appointed_by 1-1
/people/appointee/position./people/appointment/appointed_role 1-1
/people/appointer/appointment_made./people/appointment/appointed_role n-1
/people/appointer/appointment_made./people/appointment/appointee 1-1
/people/cause_of_death/includes_causes_of_death 1-n
/people/cause_of_death/parent_cause_of_death n-1
/people/cause_of_death/people 1-n
/people/deceased_person/cause_of_death n-1
/people/deceased_person/place_of_burial n-1
/people/deceased_person/place_of_cremation n-1
/people/deceased_person/place_of_death n-1
/people/ethnicity/geographic_distribution n-n
/people/ethnicity/included_in_group n-1
/people/ethnicity/includes_groups 1-n
/people/ethnicity/languages_spoken n-n
/people/ethnicity/people 1-n
/people/family/country 1-n
/people/family/members 1-n
/people/family_member/family n-1
/people/marriage_union_type/unions_of_this_type./people/marriage/location_of_ceremony 1-n
/people/marriage_union_type/unions_of_this_type./people/marriage/spouse 1-n
/people/person/children 1-1
/people/person/education./education/education/degree n-1
/people/person/education./education/education/institution n-1
/people/person/education./education/education/major_field_of_study n-1
/people/person/employment_history./business/employment_tenure/company n-1
/people/person/employment_history./business/employment_tenure/title n-1
/people/person/ethnicity n-1
/people/person/gender n-1
/people/person/languages n-1
/people/person/nationality n-1
/people/person/parents 1-1
/people/person/place_of_birth n-1
/people/person/places_lived./people/place_lived/location n-n
/people/person/profession n-n
/people/person/religion n-1
/people/person/sibling_s./people/sibling_relationship/sibling 1-1
/people/person/spouse_s./people/marriage/location_of_ceremony n-1
/people/person/spouse_s./people/marriage/spouse 1-1
/people/person/spouse_s./people/marriage/type_of_union n-1
/people/place_of_interment/interred_here 1-n
/people/profession/people_with_this_profession n-n
/people/profession/specialization_of n-1
/people/profession/specializations 1-n
/periodicals/newspaper_circulation_area/newspapers n-1
/projects/project_participant/projects./projects/project_participation/role 1-1
/projects/project_role/projects./projects/project_participation/participant 1-1
/protected_sites/governing_body_of_protected_sites/protected_sites_governed 1-1
/protected_sites/iucn_category/protected_areas 1-1
/protected_sites/listed_site/designation_as_natural_or_cultural_site./protected_sites/natural_or_cultural_site_listing/category_or_criteria n-1
/protected_sites/listed_site/designation_as_natural_or_cultural_site./protected_sites/natural_or_cultural_site_listing/designation n-1
/protected_sites/natural_or_cultural_site_designation/sites./protected_sites/natural_or_cultural_site_listing/listed_site 1-n
/protected_sites/protected_site/iucn_category 1-1
/protected_sites/site_listing_category/listed_sites./protected_sites/natural_or_cultural_site_listing/listed_site 1-n
/religion/deity/deity_of 1-n
/religion/place_of_worship/religion 1-1
/religion/religion/deities n-1
/religion/religion/includes 1-n
/religion/religion/is_part_of n-1
/religion/religion/notable_figures 1-n
/religion/religion/organizations 1-1
/religion/religion/places_of_worship 1-1
/religion/religion/practices n-1
/religion/religion/texts n-1
/religion/religious_leader/religious_leadership./religion/religious_organization_leadership/organization 1-1
/religion/religious_organization/associated_with 1-1
/religion/religious_organization/leaders./religion/religious_organization_leadership/leader 1-1
/religion/religious_practice/practice_of 1-n
/religion/religious_text/religious_text_of 1-n
/royalty/chivalric_order_member/belongs_to_order./royalty/chivalric_order_membership/order n-1
/royalty/kingdom/rulers n-1
/royalty/monarch/kingdom 1-n
/royalty/monarch/royal_line 1-1
/royalty/noble_person/titles./royalty/noble_title_tenure/noble_title n-1
/royalty/noble_title/holders./royalty/noble_title_tenure/noble_person 1-n
/royalty/noble_title/noble_rank 1-1
/royalty/noble_title/used_in./royalty/system_title_relationship/system 1-1
/royalty/order_of_chivalry/recipients./royalty/chivalric_order_membership/recipient 1-n
/royalty/royal_line/kingdom_s_ruled 1-n
/royalty/royal_line/monarchs_from_this_line 1-1
/royalty/system_of_nobility/titles./royalty/system_title_relationship/title 1-1
/soccer/football_league/teams./soccer/football_league_participation/team 1-n
/soccer/football_player/current_team./soccer/football_roster_position/position n-1
/soccer/football_player/current_team./soccer/football_roster_position/team n-n
/soccer/football_player/current_team./sports/sports_team_roster/position n-1
/soccer/football_player/current_team./sports/sports_team_roster/team n-n
/soccer/football_player/goals_scored./soccer/football_goal/point_awarded_to 1-1
/soccer/football_player/matches_played./soccer/football_player_match_participation/team n-1
/soccer/football_player/position_s n-1
/soccer/football_position/players 1-n
/soccer/football_team/current_roster./soccer/football_roster_position/player n-n
/soccer/football_team/current_roster./soccer/football_roster_position/position n-n
/soccer/football_team/current_roster./sports/sports_team_roster/player n-n
/soccer/football_team/current_roster./sports/sports_team_roster/position n-n
/soccer/football_team/league./soccer/football_league_participation/league n-1
/soccer/football_team/manager./soccer/football_team_management_tenure/manager n-1
/soccer/football_team_manager/team./soccer/football_team_management_tenure/team 1-n
/spaceflight/space_agency/astronauts 1-1
/sports/drafted_athlete/drafted./sports/sports_league_draft_pick/draft n-1
/sports/drafted_athlete/drafted./sports/sports_league_draft_pick/school 1-1
/sports/drafted_athlete/drafted./sports/sports_league_draft_pick/team 1-1
/sports/multi_event_tournament/sports 1-1
/sports/pro_athlete/sports_played_professionally./sports/pro_sports_played/sport n-1
/sports/pro_athlete/teams./american_football/football_historical_roster_position/position_s n-1
/sports/pro_athlete/teams./american_football/football_historical_roster_position/team n-n
/sports/pro_athlete/teams./american_football/football_roster_position/position 1-1
/sports/pro_athlete/teams./american_football/football_roster_position/team 1-1
/sports/pro_athlete/teams./baseball/baseball_historical_roster_position/team 1-n
/sports/pro_athlete/teams./baseball/baseball_roster_position/position n-1
/sports/pro_athlete/teams./baseball/baseball_roster_position/team n-1
/sports/pro_athlete/teams./basketball/basketball_historical_roster_position/team 1-n
/sports/pro_athlete/teams./basketball/basketball_roster_position/position n-1
/sports/pro_athlete/teams./basketball/basketball_roster_position/team n-1
/sports/pro_athlete/teams./ice_hockey/hockey_previous_roster_position/team 1-n
/sports/pro_athlete/teams./ice_hockey/hockey_roster_position/position 1-1
/sports/pro_athlete/teams./ice_hockey/hockey_roster_position/team 1-1
/sports/pro_athlete/teams./soccer/football_roster_position/position n-1
/sports/pro_athlete/teams./soccer/football_roster_position/team n-n
/sports/pro_athlete/teams./sports/sports_team_roster/position n-1
/sports/pro_athlete/teams./sports/sports_team_roster/team n-n
/sports/professional_sports_team/draft_picks./sports/sports_league_draft_pick/draft n-n
/sports/professional_sports_team/draft_picks./sports/sports_league_draft_pick/player 1-1
/sports/professional_sports_team/draft_picks./sports/sports_league_draft_pick/school n-n
/sports/professional_sports_team/owner_s 1-n
/sports/school_sports_team/school 1-1
/sports/sport/leagues 1-n
/sports/sport/officials 1-1
/sports/sport/pro_athletes./sports/pro_sports_played/athlete 1-n
/sports/sport/related_equipment 1-1
/sports/sport/teams 1-n
/sports/sport_country/athletic_performances./sports/competitor_competition_relationship/competitors 1-1
/sports/sports_award_type/winners./sports/sports_award/award_winner 1-n
/sports/sports_award_type/winners./sports/sports_award/season 1-n
/sports/sports_award_winner/awards./sports/sports_award/award n-1
/sports/sports_award_winner/awards./sports/sports_award/season 1-n
/sports/sports_award_winner/awards./sports/sports_award/team 1-1
/sports/sports_championship/events 1-n
/sports/sports_championship_event/champion n-1
/sports/sports_championship_event/championship n-1
/sports/sports_championship_event/runner_up 1-1
/sports/sports_equipment/sport_used_for 1-1
/sports/sports_facility/teams 1-1
/sports/sports_league/sport n-1
/sports/sports_league/teams./sports/sports_league_participation/team 1-n
/sports/sports_league_draft/picks./sports/sports_league_draft_pick/player 1-n
/sports/sports_league_draft/picks./sports/sports_league_draft_pick/school n-n
/sports/sports_league_draft/picks./sports/sports_league_draft_pick/team n-n
/sports/sports_league_season/awards./sports/sports_award/award n-1
/sports/sports_league_season/awards./sports/sports_award/award_winner n-1
/sports/sports_official/sport 1-1
/sports/sports_position/players./american_football/football_historical_roster_position/player 1-n
/sports/sports_position/players./american_football/football_historical_roster_position/position_s n-n
/sports/sports_position/players./american_football/football_historical_roster_position/team n-n
/sports/sports_position/players./american_football/football_roster_position/team n-n
/sports/sports_position/players./baseball/baseball_roster_position/player 1-n
/sports/sports_position/players./baseball/baseball_roster_position/team n-n
/sports/sports_position/players./basketball/basketball_roster_position/player 1-n
/sports/sports_position/players./basketball/basketball_roster_position/team n-n
/sports/sports_position/players./ice_hockey/hockey_roster_position/player 1-1
/sports/sports_position/players./ice_hockey/hockey_roster_position/team n-n
/sports/sports_position/players./soccer/football_roster_position/player 1-n
/sports/sports_position/players./soccer/football_roster_position/team n-n
/sports/sports_position/players./sports/sports_team_roster/player 1-n
/sports/sports_position/players./sports/sports_team_roster/position n-n
/sports/sports_position/players./sports/sports_team_roster/team n-n
/sports/sports_team/arena_stadium 1-1
/sports/sports_team/championships 1-n
/sports/sports_team/colors n-n
/sports/sports_team/league./sports/sports_league_participation/league n-1
/sports/sports_team/location 1-1
/sports/sports_team/roster./american_football/football_historical_roster_position/player n-n
/sports/sports_team/roster./american_football/football_historical_roster_position/position_s n-n
/sports/sports_team/roster./american_football/football_roster_position/player 1-1
/sports/sports_team/roster./american_football/football_roster_position/position n-n
/sports/sports_team/roster./baseball/baseball_historical_roster_position/player n-1
/sports/sports_team/roster./baseball/baseball_roster_position/player 1-n
/sports/sports_team/roster./baseball/baseball_roster_position/position n-n
/sports/sports_team/roster./basketball/basketball_historical_roster_position/player n-1
/sports/sports_team/roster./basketball/basketball_roster_position/player 1-n
/sports/sports_team/roster./basketball/basketball_roster_position/position n-n
/sports/sports_team/roster./ice_hockey/hockey_previous_roster_position/player n-1
/sports/sports_team/roster./ice_hockey/hockey_roster_position/player 1-1
/sports/sports_team/roster./ice_hockey/hockey_roster_position/position n-n
/sports/sports_team/roster./soccer/football_roster_position/player n-n
/sports/sports_team/roster./soccer/football_roster_position/position n-n
/sports/sports_team/roster./sports/sports_team_roster/player n-n
/sports/sports_team/roster./sports/sports_team_roster/position n-n
/sports/sports_team/season_record./sports/sports_team_season_record/season n-1
/sports/sports_team/sport n-1
/sports/sports_team_location/teams 1-1
/sports/sports_team_owner/teams_owned n-1
/sports/tournament_event_competitor/events_competed_in./sports/competitor_competition_relationship/country 1-1
/symbols/name_source/namesakes 1-n
/symbols/namesake/named_after n-1
/tennis/tennis_player/matches_lost./tennis/tennis_match/winner n-n
/tennis/tennis_player/matches_won./tennis/tennis_match/loser n-n
/tennis/tennis_tournament_champion/tennis_titles./tennis/tennis_tournament_championship/winner 1-1
/theater/play/country_of_origin 1-1
/theater/play/genre 1-1
/theater/play/lyricist 1-1
/theater/theater_actor/theater_roles./theater/theater_role/role n-1
/theater/theater_character/portrayed_by./theater/theater_role/actor 1-n
/theater/theater_genre/plays_in_this_genre 1-1
/theater/theatrical_lyricist/play_lyrics_written 1-1
/time/event/included_in_event n-1
/time/event/includes_event 1-n
/time/event/instance_of_recurring_event n-1
/time/event/locations n-n
/time/recurring_event/instances 1-n
/time/time_zone/locations_in_this_time_zone 1-n
/transportation/bridge/bridge_type 1-n
/transportation/bridge/locale 1-n
/transportation/bridge_type/bridges_of_this_type n-1
/transportation/road/end1./transportation/road_starting_point/location 1-1
/transportation/road/end2./transportation/road_starting_point/location 1-n
/transportation/road/major_cities 1-n
/travel/tourist_attraction/near_travel_destination 1-1
/travel/transport_operator/travel_destinations_served./travel/transportation/mode_of_transportation n-1
/travel/transport_operator/travel_destinations_served./travel/transportation/transport_operator n-n
/travel/transport_operator/travel_destinations_served./travel/transportation/travel_destination 1-n
/travel/transport_terminus/travel_destinations_served./travel/transportation/mode_of_transportation n-1
/travel/transport_terminus/travel_destinations_served./travel/transportation/transport_terminus 1-1
/travel/transport_terminus/travel_destinations_served./travel/transportation/travel_destination 1-1
/travel/travel_destination/climate./travel/travel_destination_monthly_climate/month n-n
/travel/travel_destination/how_to_get_here./travel/transportation/mode_of_transportation n-n
/travel/travel_destination/how_to_get_here./travel/transportation/transport_operator n-1
/travel/travel_destination/how_to_get_here./travel/transportation/transport_terminus 1-1
/travel/travel_destination/local_transportation n-1
/travel/travel_destination/tourist_attractions 1-1
/tv/non_character_role/tv_guest_personal_appearances./tv/tv_guest_personal_appearance/person 1-n
/tv/non_character_role/tv_regular_personal_appearances./tv/tv_regular_personal_appearance/person 1-n
/tv/non_character_role/tv_regular_personal_appearances./tv/tv_regular_personal_appearance/program 1-n
/tv/special_tv_performance_type/episode_performances./tv/tv_guest_role/actor 1-n
/tv/special_tv_performance_type/starring_performances./tv/regular_tv_appearance/actor 1-n
/tv/special_tv_performance_type/starring_performances./tv/regular_tv_appearance/character 1-n
/tv/special_tv_performance_type/starring_performances./tv/regular_tv_appearance/series 1-n
/tv/tv_actor/guest_roles./tv/tv_guest_role/character n-1
/tv/tv_actor/guest_roles./tv/tv_guest_role/episodes_appeared_in n-1
/tv/tv_actor/guest_roles./tv/tv_guest_role/special_performance_type n-1
/tv/tv_actor/starring_roles./tv/regular_tv_appearance/character n-1
/tv/tv_actor/starring_roles./tv/regular_tv_appearance/seasons n-n
/tv/tv_actor/starring_roles./tv/regular_tv_appearance/series n-1
/tv/tv_actor/starring_roles./tv/regular_tv_appearance/special_performance_type n-1
/tv/tv_character/appeared_in_tv_episodes./tv/tv_guest_role/actor 1-n
/tv/tv_character/appeared_in_tv_program./tv/regular_tv_appearance/actor 1-n
/tv/tv_character/appeared_in_tv_program./tv/regular_tv_appearance/series 1-1
/tv/tv_character/appeared_in_tv_program./tv/regular_tv_appearance/special_performance_type n-1
/tv/tv_genre/programs n-n
/tv/tv_location/tv_shows_filmed_here n-1
/tv/tv_network/areas_served n-1
/tv/tv_network/programs./tv/tv_network_duration/program 1-n
/tv/tv_personality/tv_regular_appearances./tv/tv_regular_personal_appearance/appearance_type n-1
/tv/tv_personality/tv_regular_appearances./tv/tv_regular_personal_appearance/program n-1
/tv/tv_producer/programs_produced./tv/tv_producer_term/producer_type n-1
/tv/tv_producer/programs_produced./tv/tv_producer_term/program n-n
/tv/tv_producer/tv_episodes_produced./tv/tv_producer_episode_credit/episode n-1
/tv/tv_producer_type/tv_producers_of_this_type./tv/tv_producer_term/producer 1-n
/tv/tv_producer_type/tv_producers_of_this_type./tv/tv_producer_term/program 1-n
/tv/tv_program/country_of_origin n-1
/tv/tv_program/episodes 1-n
/tv/tv_program/filming_locations 1-n
/tv/tv_program/genre n-n
/tv/tv_program/languages n-1
/tv/tv_program/original_network./tv/tv_network_duration/network n-1
/tv/tv_program/program_creator 1-1
/tv/tv_program/recurring_writers./tv/tv_program_writer_relationship/writer 1-n
/tv/tv_program/regular_cast./tv/regular_tv_appearance/actor 1-n
/tv/tv_program/regular_cast./tv/regular_tv_appearance/character 1-1
/tv/tv_program/regular_cast./tv/regular_tv_appearance/seasons 1-n
/tv/tv_program/regular_cast./tv/regular_tv_appearance/special_performance_type n-1
/tv/tv_program/regular_personal_appearances./tv/tv_regular_personal_appearance/appearance_type n-1
/tv/tv_program/regular_personal_appearances./tv/tv_regular_personal_appearance/person 1-n
/tv/tv_program/seasons 1-n
/tv/tv_program/spin_offs 1-1
/tv/tv_program/spun_off_from 1-1
/tv/tv_program/subjects 1-n
/tv/tv_program/tv_producer./tv/tv_producer_term/producer n-n
/tv/tv_program/tv_producer./tv/tv_producer_term/producer_type n-1
/tv/tv_program_creator/programs_created 1-1
/tv/tv_program_guest/appeared_on./tv/tv_guest_personal_appearance/appearance_type n-1
/tv/tv_program_guest/appeared_on./tv/tv_guest_personal_appearance/episode 1-1
/tv/tv_series_episode/guest_personal_appearances./tv/tv_guest_personal_appearance/person 1-1
/tv/tv_series_episode/guest_stars./tv/tv_guest_role/actor 1-n
/tv/tv_series_episode/producers./tv/tv_producer_episode_credit/producer 1-n
/tv/tv_series_episode/series n-1
/tv/tv_series_episode/writer 1-1
/tv/tv_series_season/regular_cast./tv/regular_tv_appearance/actor n-n
/tv/tv_series_season/regular_cast./tv/regular_tv_appearance/seasons n-n
/tv/tv_series_season/regular_cast./tv/regular_tv_appearance/series n-1
/tv/tv_series_season/series n-1
/tv/tv_subject/tv_programs n-1
/tv/tv_writer/episodes_written 1-1
/tv/tv_writer/tv_programs./tv/tv_program_writer_relationship/tv_program n-1
/user/alexander/misc/murdered_person/place_murdered 1-1
/user/alexander/philosophy/era/philosophers 1-n
/user/alexander/philosophy/philosopher/era n-1
/user/alexander/philosophy/philosopher/interests n-n
/user/alexander/philosophy/subject/philosophers n-n
/user/alexbl/honorary_title/honorary_title/titled_people./user/alexbl/honorary_title/honorary_title_holding/conferred_upon 1-n
/user/alexbl/honorary_title/titled_person/honorary_title./user/alexbl/honorary_title/honorary_title_holding/honorary_title n-1
/user/coco/science/concepts_theories/child_concept 1-n
/user/coco/science/concepts_theories/parent_concept n-1
/user/hangy/default_domain/sports_team_gender/gender n-1
/user/jg/default_domain/olympic_games/sports n-n
/user/ktrueman/default_domain/international_organization/member_states n-n
/user/lindenb/default_domain/scientist/known_for 1-1
/user/mt/default_domain/metabolite/associated_disorder 1-n
/user/mt/default_domain/metabolite/biofluid_location n-n
/user/narphorium/people/wealthy_person/net_worth./measurement_unit/dated_money_value/currency n-1
/user/radiusrs/default_domain/astrology/related_topics 1-1
/user/robert/military/military_person/participated_in_conflicts n-1
/user/robert/us_congress/congressional_caucus/current_house_members n-n
/user/robert/us_congress/congressional_district/state 1-1
/user/robert/us_congress/house_committee/current_members 1-1
/user/robert/us_congress/us_representative/committee_memberships 1-1
/user/robert/us_congress/us_representative/congressional_caucus_memberships n-n
/user/robert/us_congress/us_representative/state 1-1
/user/szaijan/fantasy_football/player/nfl_team 1-1
/user/szaijan/fantasy_football/player/position n-1
/user/szaijan/fantasy_football/position/player 1-n
/user/tfmorris/default_domain/document/signatories 1-n
/user/tfmorris/default_domain/signatory/documents_signed n-1
/user/tsegaran/computer/algorithm/family 1-1
/user/tsegaran/computer/algorithm_family/algorithm 1-1
/user/tsegaran/random/subject_taxonomy/entry./user/tsegaran/random/taxonomy_entry/subject 1-n
/user/tsegaran/random/taxonomy_subject/entry./user/tsegaran/random/taxonomy_entry/taxonomy n-1
/venture_capital/venture_funded_company/venture_investors./venture_capital/venture_investment/investor n-1
/venture_capital/venture_investor/investments./venture_capital/venture_investment/company 1-n
/visual_art/art_period_movement/associated_artists 1-1
/visual_art/art_subject/artwork_on_the_subject n-1
/visual_art/artwork/art_form 1-1
/visual_art/artwork/art_genre 1-1
/visual_art/artwork/art_subject 1-n
/visual_art/visual_art_form/artists n-n
/visual_art/visual_art_form/artworks 1-1
/visual_art/visual_art_genre/artworks 1-1
/visual_art/visual_artist/art_forms n-n
/visual_art/visual_artist/associated_periods_or_movements 1-1
n-n 307
1-1 353
1-n 305
n-1 380
